{
  "deepseek-ai/DeepSeek-R1-Distill-Qwen-7B": {
    "total_queries": 20,
    "avg_chinese_char_percentage": 0.15766897822512912,
    "avg_sentence_length": 8.982223739918416,
    "avg_content_density": 0.9387366665434579,
    "avg_rouge1": 0.05144476020438878,
    "avg_rouge2": 0.014173271534807474,
    "avg_rougeL": 0.03402839129915698
  }
}