{
  "Qwen/Qwen2.5-7b-Instruct": {
    "total_queries": 20,
    "queries_with_translation": 18,
    "avg_chinese_char_percentage": 26.267981779249453,
    "avg_sentence_length": 4.566918260598905,
    "avg_content_density": 0.9186245582057943,
    "avg_rouge1": 0.08590415349630928,
    "avg_rouge2": 0.042255434293910245,
    "avg_rougeL": 0.05407783129991155,
    "avg_chinese_char_reduction": 29.106447781396152,
    "avg_translation_efficiency": 8.574862905987072,
    "total_chinese_char_reduction": 523.9160600651308,
    "avg_translated_chinese_char_percentage": 0.08019863999212869,
    "avg_translated_sentence_length": 7.573123609067874,
    "avg_translated_content_density": 0.8065433848258645,
    "avg_translated_rouge1": 0.10734455647760467,
    "avg_translated_rouge2": 0.04347393337157311,
    "avg_translated_rougeL": 0.06666768183431772,
    "avg_generation_time": 13.597193002700806,
    "avg_translation_time": 4.137963983747694,
    "total_generation_time": 271.9438600540161,
    "total_translation_time": 74.4833517074585,
    "translation_model": "Qwen/Qwen2.5-1.5B-Instruct"
  }
}