{
  "metrics": {
    "Qwen/Qwen3-Embedding-4B": {
      "ndcg@10": 0.7906949797770595,
      "ndcg@100": 0.794266408348488,
      "mrr@10": 0.7295578231292518,
      "recall@100": 0.9857142857142858,
      "precision@1": 0.5857142857142857,
      "map": 0.7315816326530613
    }
  },
  "timing": {
    "Qwen/Qwen3-Embedding-4B_embedding_time": 21.73237156867981
  }
}