{
  "metrics": {
    "BAAI/bge-m3": {
      "ndcg@10": 0.7549200036793339,
      "ndcg@100": 0.7693055495574818,
      "mrr@10": 0.6897619047619048,
      "recall@100": 1.0,
      "precision@1": 0.5142857142857142,
      "map": 0.6949381570810143
    }
  },
  "timing": {
    "BAAI/bge-m3_embedding_time": 3.3178598880767822
  }
}