{
  "metrics": {
    "NovaSearch/stella_en_1.5B_v5": {
      "ndcg@10": 0.10469825695706034,
      "ndcg@100": 0.15891530198793838,
      "mrr@10": 0.08349206349206349,
      "recall@100": 0.4642857142857143,
      "precision@1": 0.04285714285714286,
      "map": 0.09133705358732302
    }
  },
  "timing": {
    "NovaSearch/stella_en_1.5B_v5_embedding_time": 4.337322950363159
  }
}